c̃R[h,c̖,ݒuꏊ_,ݒuꏊ__Ji,ݒuꏊ_Z,ݒuꏊ_dbԍ,ݒuꏊ_ܓx,ݒuꏊ_ox,ݒuꏊ_ڍ,񌹁i\[Xj,p\,p\,Jn,I,l,ppbh̗L,AED摜_摜,AED摜_CZX,AED摜_摜eLXg,,{ݖ,Z,,}b`x,񌹁i\[Xj,?????,???,????_??,????_??_??,????_????,??????,????,?????????,AED??_??,AED??_?????,AED??_??????,?,ʏ
"112186","[Js","[JswZ","̶Լļޯ","[Jsv1300","048-587-2250","36.233862","139.2620139","PKLیOǖʂ̒I",,"8:10`16:40","`j","08:10:00","16:40:00",,"",,,,,,,,"99",,,,,,,,,,,,,,"1"
"112186","[Js","[JsLwZ","̶Լֻޯ","[Jsv525","048-587-2150","36.2307322","139.2766464","PKEǑ",,"8:10`16:40","`j","08:10:00","16:40:00",,"",,,,,,,,"99",,,,,,,,,,,,,,"2"
"112186","[Js","ahLOفE","޻ܴݶ݁Eĺݶ","[Jsv1204","048-598-7757","36.2342287","139.2638804","PK",,"9:00`22:00","`yj","09:00:00","22:00:00","NNn͋x","L","https://fukaya.geocloud.jp/webgis/Link/org/12-19/0/ATTACH/67db24d8-507f-4358-82a6-c86075481668.jpg","CC-BY","GgXEɌBʐ^",,,,,"99",,,,,,,,,,,,,,"3"
"112186","[Js","@",,"[Js182-1",,"36.2339258","139.2607639",,,,,,,,,,,,,,,,"99",,,,,,,,,,,,,,"4"
"112186","[Js","i`ӂ@xX",,"[Js187",,"36.23357589","139.2606584",,,,,,,,,,,,,,,,"99",,,,,,,,,,,,,,"5"
"112186","[Js","ʗ{Vlz[@̖ؑ",,"[Js117",,"36.2151655","139.323926",,,,,,,,,,,,,,,,"99",,,,,,,,,,,,,,"6"
"112186","[Js","[JsˏwZ","̶Լ±ļޯ","[Js@413","048-571-0868","36.21908731","139.3206496","E쑤",,"8:10`16:40","`j","08:10:00","16:40:00",,"",,,,,,,,"99",,,,,,,,,,,,,,"7"
"112186","[Js","[Jsˌ","̶Լĺݶ","[Js@256","048-571-0872","36.21617639","139.3175876","",,"9:00`22:00","`yj","09:00:00","22:00:00","NNn͋x","L","https://fukaya.geocloud.jp/webgis/Link/org/12-19/0/ATTACH/bdbb5122-ff52-41c2-b245-569364e0302c.JPG","CC-BY","`dcݒuꏊ𖾌ˌقPK̑Bʐ^",,,,,"99",,,,,,,,,,,,,,"8"
"112186","[Js","i`ӂ@ˎxX",,"[Js@290-1",,"36.21632361","139.318482",,,,,,,,,,,,,,,,"99",,,,,,,,,,,,,,"9"
"112186","[Js","[Js˒wZ","̶Լ±ޯ","[JsV18","048-571-0869","36.219487","139.311127","یOL",,"8:10`16:40","`j","08:10:00","16:40:00",,"",,,,,,,,"99",,,,,,,,,,,,,,"11"
"112186","[Js","[JsVlZ^[","̶Լ۳̸̸ޭ","[JsK482-1","048-573-2940","36.223092","139.305483","PK",,"8F30`17F00","lȊO̓","08:30:00","17:00:00","EEj̗ENNn͋x","","https://fukaya.geocloud.jp/webgis/Link/org/12-19/0/ATTACH/f9fede00-4fdd-4f06-a10f-c9beaf30d80c.JPG","CC-BY","AEDݒuꏊPKBʐ^",,,,,"99",,,,,,,,,,,,,,"12"
"112186","[Js","Vlی{݁@enl`Ȃ",,"[JsV413-1",,"36.22879111","139.2927231",,,,,,,,,,,,,,,,"99",,,,,,,,,,,,,,"13"
"112186","[Js","[JsLwZ","̶Լֻļޯ","[JsV635","048-587-2002","36.23405161","139.2875318","PK@Eց@߂̕",,"8:15`16:15","`j","08:15:00","16:15:00",,"",,,,,,,,"99",,,,,,,,,,,,,,"14"
"112186","[Js","[JsL","̶Լֻĺݶ","[JsV639-1","048-587-2111","36.2339822","139.2862457","o@",,"9:00`22:00","`yj","09:00:00","22:00:00","NNn͋x","L","https://fukaya.geocloud.jp/webgis/Link/org/12-19/0/ATTACH/89fd9674-f034-4e65-aaa3-c7bfd4a26c41.jpg","CC-BY","قɓƂEɎȂɐݒu",,,,,"99",,,,,,,,,,,,,,"15"
"112186","[Js","i`ӂ@LxX",,"[JsV410-3",,"36.22988","139.2933118",,,,,,,,,,,,,,,,"99",,,,,,,,,,,,,,"16"
"112186","[Js","[J嗢ŌwZ",,"[JsV749-1",,"36.2276995","139.291726",,,,,,,,,,,,,,,,"99",,,,,,,,,,,,,,"17"
"112186","[Js","c",,"[JsגP8-33",,"36.19127831","139.2876665",,,,,,,,,,,,,,,,"99",,,,,,,,,,,,,,"18"
"112186","[Js","q@",,"[JsגR3-1",,"36.19724669","139.2898605",,,,,,,,,,,,,,,,"99",,,,,,,,,,,,,,"19"
"112186","[Js","[Jsh{@[Jh","̶Լ޳ ̶Լ޳","[Js~858","048-571-0916","36.21203961","139.2848159","[Jh@t",,"0:00`24:00","펞gp\","00:00:00","00:00:00",,"L","https://fukaya.geocloud.jp/webgis/Link/org/12-19/0/ATTACH/c705e229-b347-4903-af94-c4e828037b86.jpeg","CC-BY","`dcݒuꏊ[JhPKtO̒ʘHBʐ^",,,,,"99",,,,,,,,,,,,,,"20"
"112186","[Js","[Js򉻃Z^[","̶Լޮ","[Js~2","048-577-7542","36.22129761","139.3009113","2Kz[쑤cǖ",,"8:30-17:15ǗƎ҂̂ݏ풓̂߁Agp͕KLړdbԍiHۈێWjɂAB",,"08:30:00","17:15:00","yEEjENNn","L","https://fukaya.geocloud.jp/webgis/Link/org/12-19/0/ATTACH/6eace7b2-0fd0-4d90-95a2-640b639319e8.JPG","CC-BY","򉻃Z^[QKz[AEDݒuĂcǖʂBʐ^",,,,,"99",,,,,,,,,,,,,,"21"
"112186","[Js","i`ӂ@[J_@Z^[",,"[Js~990-1",,"36.21350631","139.2898961",,,,,,,,,,,,,,,,"99",,,,,,,,,,,,,,"22"
"112186","[Js","[JswZ","̶Լޯ","[JsՒ38","048-571-0229","36.19535269","139.3008457","E@",,"8:10`16:40","`j","08:10:00","16:40:00",,"",,,,,,,,"99",,,,,,,,,,,,,,"23"
"112186","[Js","i`AOz[͂",,"[JsP8-24",,"36.17921311","139.3212082",,,,,,,,,,,,,,,,"99",,,,,,,,,,,,,,"24"
"112186","[Js","ʌ[JꍂwZ",,"[JsՒ21-1",,"36.19547211","139.2971849",,,,,,,,,,,,,,,,"99",,,,,,,,,,,,,,"25"
"112186","[Js","[JsՏwZ","̶Լķܼޯ","[JsՒ58-2","048-571-4923","36.19489756","139.2993395","ی",,"8:15`16:45","`j","08:15:00","16:45:00",,"",,,,,,,,"99",,,,,,,,,,,,,,"27"
"112186","[Js","[Js՗ct","̶Լķֳ","[JsՒ58-2","048-573-2558","36.19538","139.29836","E̒I̒",,"8:15`17:00","`j","08:15:00","17:00:00",,"L",,,,,,,,"99",,,,,,,,,,,,,,"28"
"112186","[Js","ʌ[JƍwZ",,"[Js80",,"36.19746619","139.2915075",,,,,,,,,,,,,,,,"99",,,,,,,,,,,,,,"29"
"112186","[Js","[J",,"[Js449-2",,"36.20018539","139.2942767",,,,,,,,,,,,,,,,"99",,,,,,,,,,,,,,"30"
"112186","[Js","[Ja@",,"[Js500",,"36.20436289","139.2952903",,,,,,,,,,,,,,,,"99",,,,,,,,,,,,,,"31"
"112186","[Js","@",,"[Js3688-5",,"36.17580789","139.323036",,,,,,,,,,,,,,,,"99",,,,,,,,,,,,,,"32"
"112186","[Js","[Js","̶Լ׺ݶ","[Js1370","048-575-1411","36.19637531","139.3143972","",,"9:00`22:00","`yj","09:00:00","22:00:00","NNn͋x","L","https://fukaya.geocloud.jp/webgis/Link/org/12-19/0/ATTACH/362c57a8-fa02-4171-8ca8-9779e6f9047a.jpg","CC-BY","AEDݒuꏊ𔦗قPK̓Bʐ^",,,,,"99",,,,,,,,,,,,,,"33"
"112186","[Js","[J`fCT[rXZ^[@̉",,"[Js1302-1",,"36.20240819","139.3181356",,,,,,,,,,,,,,,,"99",,,,,,,,,,,,,,"34"
"112186","[Js","O[vz[̉",,"[Js1275-1",,"36.20265262","139.3187272",,,,,,,,,,,,,,,,"99",,,,,,,,,,,,,,"35"
"112186","[Js","[JԋK",,"[Js4343",,"36.17797689","139.3132312",,,,,,,,,,,,,,,,"99",,,,,,,,,,,,,,"36"
"112186","[Js","i`ӂ@xX",,"[Js2118-1",,"36.19210522","139.312257",,,,,,,,,,,,,,,,"99",,,,,,,,,,,,,,"37"
"112186","[Js","i`ӂ@OănEX",,"[Js2118-1",,"36.19207561","139.3116309",,,,,,,,,,,,,,,,"99",,,,,,,,,,,,,,"38"
"112186","[Js","cn[gNjbN",,"[JsQ15-6",,"36.18902039","139.3148696",,,,,,,,,,,,,,,,"99",,,,,,,,,,,,,,"39"
"112186","[Js","ۈ牀",,"[JsR13-3",,"36.18839705","139.3181927",,,,,,,,,,,,,,,,"99",,,,,,,,,,,,,,"40"
"112186","[Js","[JswZ","̶Լ׼ޯ","[JsR25-1","048-571-0517","36.18671286","139.3175436","Z1Koւ̒Ȉ",,"8:15`16:45","`j","08:15:00","16:45:00",,"",,,,,,,,"99",,,,,,,,,,,,,,"41"
"112186","[Js","[Jsct","̶Լֳ","[JsR25-1","048-571-2787","36.18649","139.31805","E̓ɓ",,"8:15`17:00","`j","08:15:00","17:00:00",,"L",,,,,,,,"99",,,,,,,,,,,,,,"42"
"112186","[Js","ۈ牀",,"[JsĒR21-4",,"36.1777685","139.3115341",,,,,,,,,,,,,,,,"99",,,,,,,,,,,,,,"43"
"112186","[Js","[JsēwZ","̶Լ¶м˶޼ޯ","[JsĒT9-1","048-573-7435","36.17812931","139.3014128","ZɂPK@ی쑋",,"8:10`16:40","`j","08:10:00","16:40:00",,"",,,,,,,,"99",,,,,,,,,,,,,,"44"
"112186","[Js","ad@ij",,"[JsĒV4-1",,"36.17461019","139.3018712",,,,,,,,,,,,,,,,"99",,,,,,,,,,,,,,"45"
"112186","[Js","Ȃ̖ؕۈ牀",,"[JsĒR18-3",,"36.1763102","139.3075456",,,,,,,,,,,,,,,,"99",,,,,,,,,,,,,,"46"
"112186","[Js","X[p[roz[[JX",,"[JsĒQ29-8",,"36.17968511","139.3132395",,,,,,,,,,,,,,,,"99",,,,,,,,,,,,,,"47"
"112186","[Js","[JX|[cBbW",,"[JsĒR13-16",,"36.17699339","139.3041765",,,,,,,,,,,,,,,,"99",,,,,,,,,,,,,,"48"
"112186","[Js","hXC~ONu[J",,"[JsĒP7-4",,"36.18359289","139.3077732",,,,,,,,,,,,,,,,"99",,,,,,,,,,,,,,"49"
"112186","[Js","X|[cNuWCtBbg[J",,"[JsĒR12-2",,"36.17806","139.305954",,,,,,,,,,,,,,,,"99",,,,,,,,,,,,,,"50"
"112186","[Js","l@",,"[JsĒP4-1",,"36.18708669","139.2958325",,,,,,,,,,,,,,,,"99",,,,,,,,,,,,,,"51"
"112186","[Js","_Ȉ@",,"[JsĒR19-13",,"36.18318161","139.300771",,,,,,,,,,,,,,,,"99",,,,,,,,,,,,,,"52"
"112186","[Js","[Jԏ\a@",,"[JsĒT8-1",,"36.18358969","139.2940966",,,,,,,,,,,,,,,,"99",,,,,,,,,,,,,,"53"
"112186","[Js","[JsĐwZ","̶Լ¶мƼޯ","[JsĒT11-1","048-571-7580","36.181468","139.292672","PKی@k@I̒",,"8:15`16:45","`j","08:15:00","16:45:00",,"",,,,,,,,"99",,,,,,,,,,,,,,"54"
"112186","[Js","[JsĒwZ","̶Լ¶мޯ","[JsĒQ23-1","048-573-7438","36.183929","139.297752","E@t",,"8:10`16:40","`j","08:10:00","16:40:00",,"",,,,,,,,"99",,,,,,,,,,,,,,"55"
"112186","[Js","[JsČ","̶Լм޺ݶ","[JsĒS2-14Ēn敡{݂RKuLāv","048-572-9001","36.181537","139.298624","Ēn敡{݂RKLāAČَÃLrlbgi",,"9:00`22:00","`yj","09:00:00","22:00:00","NNn͋x","L","https://fukaya.geocloud.jp/webgis/Link/org/12-19/0/ATTACH/5633b2cb-fdde-47c9-aabd-3c88a6a9ed89.JPG","CC-BY","AEDݒuꏊČَtBʐ^",,,,,"99",,,,,,,,,,,,,,"56"
"112186","[Js","Cg[[J@[JX",,"[JsĒS2-14",,"36.181537","139.298624",,,,,,,,,,,,,,,,"99",,,,,,,,,,,,,,"57"
"112186","[Js","[JsĐct","̶Լ¶мƼֳ","[JsĒT18-5","048-573-5240","36.181459","139.291514","1KE쑤̑",,"8:15`17:00","`j","08:15:00","17:00:00",,"L",,,,,,,,"99",,,,,,,,,,,,,,"58"
"112186","[Js","[Js̈فi[JrbO^[gj","̶Լ޳݁i̶ޯفj","[Js2568","048-572-3000","36.17651231","139.2712678","tij",,"8:30`22:00j8:30`21:00","xٓȊO","08:30:00","22:00:00","xٓisiN3xj/NNnj","L","https://fukaya.geocloud.jp/webgis/Link/org/12-19/0/ATTACH/c3dd39e3-cded-4305-b68d-1b2372e8bb7a.JPG","CC-BY","AEDݒuꏊitj[Js̈ 1KBʐ^",,,,,"99","http://city-fukayakousha.com/bigturtle/",,,,,,,,,,,,,"59"
"112186","[Js","[JYwlȈ@",,"[Js3027-2",,"36.18737789","139.2740757",,,,,,,,,,,,,,,,"99",,,,,,,,,,,,,,"60"
"112186","[Js","ua@",,"[Js477",,"36.18685861","139.283439",,,,,,,,,,,,,,,,"99",,,,,,,,,,,,,,"61"
"112186","[Js","q[JwZ",,"[Js369",,"36.1903582","139.2777698",,,,,,,,,,,,,,,,"99",,,,,,,,,,,,,,"62"
"112186","[Js","匳Rۈ牀",,"[Js3094-2",,"36.179487","139.2731898",,,,,,,,,,,,,,,,"99",,,,,,,,,,,,,,"63"
"112186","[Js","hRVbv[JX",,"[Js2867-1@TECt[",,"36.18383111","139.2794143",,,,,,,,,,,,,,,,"99",,,,,,,,,,,,,,"64"
"112186","[Js","[JsPuwZ","̶Լ»׶޵ޯ","[Js508","048-571-0967","36.18631453","139.27907","PZɁ@EEoց@ǖ",,"8:15:`16:45","`j","08:15:00","16:45:00",,"",,,,,,,,"99",,,,,,,,,,,,,,"65"
"112186","[Js","[JsVlZ^[匳","̶Լ۳̸ݹݿ","[Js2552-1","048-572-0416","36.176454","139.2760592","PK",,"8F30`17F00","lȊO̓","08:30:00","17:00:00","E؁Ej̗ENNn͋x","","https://fukaya.geocloud.jp/webgis/Link/org/12-19/0/ATTACH/1794a9c8-bdf6-4312-bb30-e84828523475.JPG","CC-BY","AEDݒuꏊPKBʐ^",,,,,"99",,,,,,,,,,,,,,"66"
"112186","[Js","d́ijFJxА[JcƃZ^[",,"[Js2923-2",,"36.18460589","139.2764673",,,,,,,,,,,,,,,,"99",,,,,,,,,,,,,,"67"
"112186","[Js","q[JwZ",,"[Js369",,"36.1903582","139.2777698",,,,,,,,,,,,,,,,"99",,,,,,,,,,,,,,"68"
"112186","[Js","uۈ牀",,"[Js2891-1",,"36.18454211","139.2784866",,,,,,,,,,,,,,,,"99",,,,,,,,,,,,,,"69"
"112186","[Js","[JsPuct","̶Լ»׶޵ֳ","[Js508","048-571-2788","36.185925","139.278791","E֑",,"8:30`15:00","`j","08:30:00","15:00:00",,"L",,,,,,,,"99",,,,,,,,,,,,,,"70"
"112186","[Js","ʌ[JwZ",,"[Jsh315",,"36.202468","139.266384",,,,,,,,,,,,,,,,"99",,,,,,,,,,,,,,"71"
"112186","[Js","[Js","̶Լкݶ","[Jsh645-1","048-575-5550","36.189794","139.263254","1KƂ",,"9:00`22:00","`yj","09:00:00","22:00:00","NNn͋x","L","https://fukaya.geocloud.jp/webgis/Link/org/12-19/0/ATTACH/a305cc1c-9250-47d1-b576-da3d995cbe8c.JPG","CC-BY","ɌĎBʐ^BĂAƕʋ@̊",,,,,"99",,,,,,,,,,,,,,"72"
"112186","[Js","[J`OȈ@",,"[Jsh245-1",,"36.196974","139.266181",,,,,,,,,,,,,,,,"99",,,,,,,,,,,,,,"73"
"112186","[Js","[J`ʏnrZ^[",,"[Jsh245-1",,"36.196974","139.266181",,,,,,,,,,,,,,,,"99",,,,,,,,,,,,,,"74"
"112186","[Js","w[JwZ",,"[Jsh559",,"36.192547","139.260474",,,,,,,,,,,,,,,,"99",,,,,,,,,,,,,,"75"
"112186","[Js","F",,"[Jsl1998",,"36.1618667","139.2582889",,,,,,,,,,,,,,,,"99",,,,,,,,,,,,,,"76"
"112186","[Js","[Js򏬊wZ","̶Լ̼޻ܼޯ","[Jsl1626","048-571-2107","36.167697","139.267768","E@̗{싳@̊",,"8:10`16:40","`j","08:10:00","16:40:00","`j","",,,,,,,,"99",,,,,,,,,,,,,,"77"
"112186","[Js","[Js򒆊wZ","̶Լ̼޻ޯ","[Jsl1973","048-571-0742","36.163131","139.265991","یik˒I)",,"8:10`16:40","`j","08:10:00","16:40:00",,"",,,,,,,,"99",,,,,,,,,,,,,,"78"
"112186","[Js","[Js","̶Լ̼޻ܺݶ","[Jsl1967-1","048-571-0345","36.164266","139.266285","",,"9:00`22:00","`yj","09:00:00","22:00:00","NNn͋x","L","https://fukaya.geocloud.jp/webgis/Link/org/12-19/0/ATTACH/494dee2f-5bff-4f44-93d9-7404b087262b.JPG","CC-BY","`dcݒuꏊِʌւ̓B",,,,,"99",,,,,,,,,,,,,,"79"
"112186","[Js","i`ӂ@xX",,"[Jsl1921-1",,"36.1652135","139.2640105",,,,,,,,,,,,,,,,"99",,,,,,,,,,,,,,"80"
"112186","[Js","i`ӂ@암c_oσZ^[",,"[Jsl1935-1",,"36.1667522","139.2677629",,,,,,,,,,,,,,,,"99",,,,,,,,,,,,,,"81"
"112186","[Js","ۈ牀",,"[Jsl1963-3",,"36.16415531","139.2652105",,,,,,,,,,,,,,,,"99",,,,,,,,,,,,,,"82"
"112186","[Js","[Jsct","̶Լ̼޻ֳ","[Jsl1625","048-571-5600","36.168391","139.267177","փz[p̒̒I",,"8:30`17:00","`j","08:30:00","17:00:00",,"L",,,,,,,,"99",,,,,,,,,,,,,,"83"
"112186","[Js","ijN[ebNT[}",,"[JsܔV1873-2",,"36.164633","139.293045",,,,,,,,,,,,,,,,"99",,,,,,,,,,,,,,"84"
"112186","[Js","ڕۈ牀",,"[JsJ2185-3",,"36.16563261","139.2433812",,,,,,,,,,,,,,,,"99",,,,,,,,,,,,,,"86"
"112186","[Js","Qۈ牀",,"[Js80-1",,"36.16539369","139.2418174",,,,,,,,,,,,,,,,"99",,,,,,,,,,,,,,"87"
"112186","[Js","i`ӂ@ҎxX",,"[Js66",,"36.1647825","139.2360011",,,,,,,,,,,,,,,,"99",,,,,,,,,,,,,,"88"
"112186","[Js","i`ӂ@Ғ",,"[Js37-13",,"36.15649181","139.2361935",,,,,,,,,,,,,,,,"99",,,,,,,,,,,,,,"89"
"112186","[Js","ӂ΂̉","̶ɵ","[Js24","048-551-5551","36.15791661","139.2354657","Ǘ",,"8:30`17:15i10`3j8:30`18:00i4`9j","","08:30:00",,"NNn͋xɂ藘p\Ԃ͈قȂ܂B","L","https://fukaya.geocloud.jp/webgis/Link/org/12-19/0/ATTACH/4f9070f5-2441-45b5-8e11-36e5bcb03b37.jpg","CC-BY","`dcݒuꏊǗBʐ^",,,,,"99",,,,,,,,,,,,,,"90"
"112186","[Js","[JO[p[NupeBIv","̶Ըذ߰è","[Js~763","048-574-7764","36.17846739","139.250444","@KtJE^[",,"10:00`21:00","ΗjȊO","10:00:00","21:00:00","ΗjyтQ͋x","","https://fukaya.geocloud.jp/webgis/Link/org/12-19/0/ATTACH/cf07632a-79eb-4445-856c-7bfffbeecedc.JPG","CC-BY","@peBIr[@BeB",,,,,"99",,,,,,,,,,,,,,"91"
"112186","[Js","[JO[p[NupeBIv","̶Ըذ߰è","[Js~763","048-574-7764","36.17846739","139.250444","AK",,"10:00`21:00","ΗjȊO","10:00:00","21:00:00","ΗjyтQ͋x","","https://fukaya.geocloud.jp/webgis/Link/org/12-19/0/ATTACH/35f92f56-0835-4314-94c3-4197d26da756.JPG","CC-BY","AɂĎBeBp҃Xy[X͌ȂB",,,,,"99",,,,,,,,,,,,,,"92"
"112186","[Js","V䐮`O",,"[Js316-1",,"36.1907468","139.2680009",,,,,,,,,,,,,,,,"99",,,,,,,,,,,,,,"93"
"112186","[Js","[Js쒆wZ","̶Լޯ","[Js320","048-572-8373","36.18896639","139.2663233","PK@oց@t̉",,"8:30`16:30","`j","08:30:00","16:30:00",,"",,,,,,,,"99",,,,,,,,,,,,,,"94"
"112186","[Js","[Js[JwZ","̶Լ̶ޯ","[JscJ45-2","048-571-0451","36.20754539","139.2794414","E",,"8:10`16:40","`j","08:10:00","16:40:00",,"",,,,,,,,"99",,,,,,,,,,,,,,"95"
"112186","[Js","؈@",,"[Js17-22",,"36.198594","139.28453",,,,,,,,,,,,,,,,"99",,,,,,,,,,,,,,"96"
"112186","[Js","[Js[JwZ","̶Լ̶Լޯ","[Js19-1","048-571-0329","36.199902","139.283536","Ȇ",,"8:15`16:45","`j","08:15:00","16:45:00",,"",,,,,,,,"99",,,,,,,,,,,,,,"97"
"112186","[Js","[Js[J","̶Լ̶Ժݶ","[Js20-2","048-571-0506","36.20060181","139.284208","PK",,"9:00`22:00","`yj","09:00:00","22:00:00","NNn͋x","L","https://fukaya.geocloud.jp/webgis/Link/org/12-19/0/ATTACH/4eded8d8-7f8b-41d4-81ff-822b79dba5f2.JPG","CC-BY","ق̏oʂɂ鎖̓Bʐ^",,,,,"99",,,,,,,,,,,,,,"98"
"112186","[Js","[Js}","̶Լļ","[Js19-3","048-571-8210","36.199877","139.285205","JE^[",,"9:00`19:00","΁`j","09:00:00","19:00:00","jx","L","https://fukaya.geocloud.jp/webgis/Link/org/12-19/0/ATTACH/df36c7ba-a04e-4517-a0ac-a5f5806bed1b.JPG","CC-BY","ٓɓăJE^[Beʐ^",,,,,"99",,,,,,,,,,,,,,"99"
"112186","[Js","i`ӂ@[JxX",,"[Js16-13",,"36.198744","139.283453",,,,,,,,,,,,,,,,"99",,,,,,,,,,,,,,"100"
"112186","[Js","[Jsʊ","̶ԼԸޯ","[Js8-17","048-574-6657","36.196635","139.282567","1KL̕",,"8:30`17:15","`j","08:30:00","17:15:00","yEEjENNn͕","L","https://fukaya.geocloud.jp/webgis/Link/org/12-19/0/ATTACH/0da80dc7-b401-43cc-a850-bb61bc82198a.jpg","CC-BY","AEDݒuꏊʊق̘LBʐ^",,,,,"99",,,,,,,,,,,,,,"101"
"112186","[Js","[Js[Jct","̶Լ̶ֳ","[Js19-2","048-571-0948","36.20003","139.284433","E쑤̑",,"8:15`17:00","`j","08:15:00","17:00:00",,"L",,,,,,,,"99",,,,,,,,,,,,,,"102"
"112186","[Js","[JsیZ^[","̶Լιݾ","[Js{Z17-1","048-575-1101","36.199594","139.287325","PKʌ֓AE̕",,"8:30`17:15","`j","08:30:00","17:15:00","yEEjENNn͋x","L","https://fukaya.geocloud.jp/webgis/Link/org/12-19/0/ATTACH/f1d207bd-01b8-4a8a-9ad6-4c1734054029.JPG","CC-BY","`dcݒuꏊیZ^[z[̘LBʐ^",,,,,"99",,,,,,,,,,,,,,"103"
"112186","[Js","[Js璡","̶Լ","[Js{Z17-3","048-574-5811","36.200071","139.28635","1Kz[̕",,"8:30`17:15","`j","08:30:00","17:15:00","yEEjENNn͕","L","https://fukaya.geocloud.jp/webgis/Link/org/12-19/0/ATTACH/4dcc6369-000d-4037-9d6c-d8b0a2bea225.jpg","CC-BY","AEDݒuꏊz[Bʐ^",,,,,"99",,,,,,,,,,,,,,"104"
"112186","[Js","Xؕa@",,"[JsQ16-1",,"36.193505","139.282806",,,,,,,,,,,,,,,,"99",,,,,,,,,,,,,,"105"
"112186","[Js","Fa@",,"[JsR11-1",,"36.19295","139.279156",,,,,,,,,,,,,,,,"99",,,,,,,,,,,,,,"106"
"112186","[Js","J[uX[J",,"[Js[J7-40",,"36.19641311","139.2770308",,,,,,,,,,,,,,,,"99",,,,,,,,,,,,,,"107"
"112186","[Js","[Js[JwZ","̶Լ̶Ƽޯ","[Jsh14-18","048-571-0250","36.1977157","139.2733532","t̐p{bNX",,"8:10`16:40","`j","08:10:00","16:40:00",,"",,,,,,,,"99",,,,,,,,,,,,,,"108"
"112186","[Js","[Js[Jct","̶Լ̶Ƽֳ","[Jsh14-19","048-571-2786","36.19715181","139.273256","Ȇ",,"8:30`14:00","`j","08:30:00","14:00:00","a15:00܂","L",,,,,,,,"99",,,,,,,,,,,,,,"109"
"112186","[Js","Ζ؈@",,"[Js330-1",,"36.19781289","139.2725893",,,,,,,,,,,,,,,,"99",,,,,,,,,,,,,,"110"
"112186","[Js","[Js񏬊wZ","̶Լµؼޯ","[JsP660","048-571-0774","36.21706661","139.2730109","{ZɁ@K@ʌց@te",,"8:10`16:40","`j","08:10:00","16:40:00",,"",,,,,,,,"99",,,,,,,,,,,,,,"111"
"112186","[Js","i`ӂ@{X",,"[JsP728-1",,"36.2166222","139.2740331",,,,,,,,,,,,,,,,"99",,,,,,,,,,,,,,"112"
"112186","[Js","i`ӂ@xX",,"[JsP728-3",,"36.21658888","139.2743553",,,,,,,,,,,,,,,,"99",,,,,,,,,,,,,,"113"
"112186","[Js","ۈ牀",,"[JsːX226-1",,"36.209242","139.278833",,,,,,,,,,,,,,,,"99",,,,,,,,,,,,,,"114"
"112186","[Js","[Jx@",,"[JsːX88-1",,"36.207859","139.278222",,,,,,,,,,,,,,,,"99",,,,,,,,,,,,,,"115"
"112186","[Js","[Js","̶Լغݶ","[JsN84-1","048-571-0341","36.222758","139.275208","",,"9:00`22:00@17:15ȍ~W񎞂ɂ͎{Ăꍇ܂B","`yj","09:00:00","22:00:00","NNn͋x","L","https://fukaya.geocloud.jp/webgis/Link/org/12-19/0/ATTACH/25b6a2e4-88c9-4ec3-a3be-8c838341980d.jpg","CC-BY","̃hAQAẼLrlbg̏ɐݒuĂ܂B",,,,,"99",,,,,,,,,,,,,,"116"
"112186","[Js","[Js{","̶ԼԸ","[Js11-1","048-571-1211","36.197519","139.281555","1Ksz[ē̕",,"8:30`17:15","`j","08:30:00","17:15:00","ؗjɂĂ8:30`19:15܂œyEEjENNn͕","L","https://fukaya.geocloud.jp/webgis/Link/org/12-19/0/ATTACH/f85f095b-d629-46c2-bcd0-d5330a63e4aa.jpg","CC-BY","AEDݒuꏊsz[Bʐ^",,,,,"99",,,,,,,,,,,,,,"117"
"112186","[Js","ʌ[JwZ",,"[Jsh315",,"36.202468","139.266384",,,,,,,,,,,,,,,,"99",,,,,,,,,,,,,,"118"
"112186","[Js","q@",,"[Js2738",,"36.211161","139.240041",,,,,,,,,,,,,,,,"99",,,,,,,,,,,,,,"119"
"112186","[Js","[JswZ","̶ԼµƼޯ","[Js2949","048-585-4892","36.213097","139.234711","ی쑤ۃX`[bJ[̏",,"8:15`16:00","`j","08:15:00","16:00:00",,"",,,,,,,,"99",,,,,,,,,,,,,,"120"
"112186","[Js","̉w","ɴ","[Js688-1","048-585-5001","36.218505","139.241424","̉wוYٓ󂭂ꉡ",,"7:00`20:00","NԒʂ","07:00:00","20:00:00","N1isxj","","https://fukaya.geocloud.jp/webgis/Link/org/12-19/0/ATTACH/610e2a9f-a6c5-4b3b-bf73-9449b29b59e9.jpg","CC-BY","`dc̐ݒuꏊ𕨎Yٓ璆ɌĎBʐ^",,,,,"99",,,,,,,,,,,,,,"121"
"112186","[Js","΂ۈ牀",,"[Js2955-1",,"36.21131938","139.2342275",,,,,,,,,,,,,,,,"99",,,,,,,,,,,,,,"122"
"112186","[Js","z@",,"[Jsώ1116-11",,"36.208961","139.24736",,,,,,,,,,,,,,,,"99",,,,,,,,,,,,,,"123"
"112186","[Js","[JswZ","̶Լµ޼ޯ","[Jsώ1305","048-585-2023","36.206612","139.247099","PKی@̑",,"8:10`16:40","`j","08:10:00","16:40:00",,"",,,,,,,,"99",,,,,,,,,,,,,,"124"
"112186","[Js","ʍHƑw",,"[Jsώ1690",,"36.195271","139.238141",,,,,,,,,,,,,,,,"99",,,,,,,,,,,,,,"125"
"112186","[Js","i`ʉ@{X",,"[Jsώ1210-1",,"36.20352839","139.2469046",,,,,,,,,,,,,,,,"99",,,,,,,,,,,,,,"126"
"112186","[Js","ӂ̂Ƃۈ牀",,"[JsjPJ41-3",,"36.19080439","139.2192735",,,,,,,,,,,,,,,,"99",,,,,,,,,,,,,,"127"
"112186","[Js","[Js{wZ","̶Լݺ޳ޯ","[JsjPJ506","048-585-4191","36.17574211","139.2258678","PK@ی①ɂ̏",,"8:15`16:45","`j","08:15:00","16:45:00",,"",,,,,,,,"99",,,,,,,,,,,,,,"128"
"112186","[Js","i`ӂ@{xX",,"[JsjPJ340-1",,"36.18176919","139.2202153",,,,,,,,,,,,,,,,"99",,,,,,,,,,,,,,"129"
"112186","[Js","i`ӂ@{",,"[JsjPJ337",,"36.18135811","139.2198904",,,,,,,,,,,,,,,,"99",,,,,,,,,,,,,,"130"
"112186","[Js","։zԓ񋏂o`ij",,"[Js{3064",,"36.1749467","139.1938361",,,,,,,,,,,,,,,,"99",,,,,,,,,,,,,,"131"
"112186","[Js","ݗc",,"[Js46-1",,"36.1770582","139.2120583",,,,,,,,,,,,,,,,"99",,,,,,,,,,,,,,"132"
"112186","[Js","PAnEX@G[̋u",,"[Js625",,"36.1846462","139.2094974",,,,,,,,,,,,,,,,"99",,,,,,,,,,,,,,"133"
"112186","[Js","[JswZ","̶Լµޯ","[JsR1214","048-585-2623","36.20027319","139.236097","E",,"8:10`16:40","`j","08:10:00","16:40:00",,"",,,,,,,,"99",,,,,,,,,,,,,,"134"
"112186","[Js","[Js","̶Լ޺ݶ","[JsR1324-1","048-585-4974","36.20102311","139.2313861","",,"9:00`22:00","`yj","09:00:00","22:00:00","NNn͋x","L","https://fukaya.geocloud.jp/webgis/Link/org/12-19/0/ATTACH/d2ef222c-655f-4968-9c32-315691eb7a38.JPG","CC-BY","`dcݒuꏊِʌփr[Bʐ^",,,,,"99",,,,,,,,,,,,,,"135"
"112186","[Js","[u","ݷ","[JsR397-1","048-585-2900","36.19206281","139.222798","PKz[̑",,"9:00`17:00","lȊO̓","09:00:00","17:00:00","11A2yїF͋x","L","https://fukaya.geocloud.jp/webgis/Link/org/12-19/0/ATTACH/808f2d50-a03f-46e8-bf26-26c4ff5e6b25.JPG","CC-BY","`dcݒuꏊ[uAOLBʐ^",,,,,"99",,,,,,,,,,,,,,"136"
"112186","[Js","[JsVlZ^[","̶Լ۳̸޿","[JsR1324-1","048-585-1987","36.20073089","139.2315305","PK",,"8:30`17:00","lȊO̓","08:30:00","17:00:00","E؁Ej̗ENNn͋x","","https://fukaya.geocloud.jp/webgis/Link/org/12-19/0/ATTACH/16fa28fe-36fe-4f33-94f2-046fecb5be9c.JPG","CC-BY","AEDݒuꏊPKBʐ^",,,,,"99",,,,,,,,,,,,,,"137"
"112186","[Js","݂炢c","ײֳ޴ݵ","[JsR1382","048-585-2429","36.20297316","139.2300821","Eɂ̏",,"7:30`18:30","`yj","07:30:00","18:30:00","EjENNn͋x","L","https://fukaya.geocloud.jp/webgis/Link/org/12-19/0/ATTACH/f286fa32-7216-43f8-a6bc-c67bd0b4c74a.JPG","CC-BY","`dcݒuꏊEBʐ^",,,,,"99",,,,,,,,,,,,,,"138"
"112186","[Js","[Jsחct","̶Լµֳ","[JsR1382","048-585-4190","36.20312011","139.2306528","PKz[",,"8:30`17:00","`j","08:30:00","17:00:00",,"L",,,,,,,,"99",,,,,,,,,,,,,,"139"
"112186","[Js","c@",,"[JsYVc858-2",,"36.208872","139.2159014",,,,,,,,,,,,,,,,"99",,,,,,,,,,,,,,"140"
"112186","[Js","i`Y@{X",,"[JsYVc580-1",,"36.2100413","139.215182",,,,,,,,,,,,,,,,"99",,,,,,,,,,,,,,"141"
"112186","[Js","[JsY򏬊wZ","̶Լݻܼޯ","[JsY802-1","048-585-2715","36.21252989","139.2139905","PKE˒I",,"8:15`16:45","`j","08:15:00","16:45:00",,"",,,,,,,,"99",,,,,,,,,,,,,,"142"
"112186","[Js","d́ijFJxАVϓd",,"[JsY1465",,"36.20199923","139.2281402",,,,,,,,,,,,,,,,"99",,,,,,,,,,,,,,"143"
"112186","[Js","[Js{kwZ","̶Լ¶ķޯ","[Js݉143","048-583-2007","36.14493819","139.2862714","Ȅɓ",,"8:15`16:45","`j","08:15:00","16:45:00",,"",,,,,,,,"99",,,,,,,,,,,,,,"144"
"112186","[Js","[Js{","̶Լĺݶ","[Js1009","048-583-3234","36.137328","139.2852637","",,"9:00`22:00","`yj","09:00:00","22:00:00","NNn͋x","L","https://fukaya.geocloud.jp/webgis/Link/org/12-19/0/ATTACH/f21b87a0-0d7d-467e-9fcf-121ca89655d2.JPG","CC-BY","AɌč背WX^[̉ɐݒu",,,,,"99",,,,,,,,,,,,,,"145"
"112186","[Js","[JsҕN{݂","̶Լڲ̸ݶ޳̸޳Ӹ","[Js401","048-583-7733","36.1395055","139.2864079","PK",,"8F30`17F00","lȊO̓","08:30:00","17:00:00","΁EANNn͋x","","https://fukaya.geocloud.jp/webgis/Link/org/12-19/0/ATTACH/d62e3441-7412-423d-a7ef-27c3bda6b07f.JPG","CC-BY","AEDݒuꏊPKBʐ^",,,,,"99",,,,,,,,,,,,,,"146"
"112186","[Js","[Js{쏬wZ","̶Լ¶мޯ","[Js{c4888","048-583-3019","36.121392","139.28602","E@쑤ot",,"8:10`16:40","`j","08:10:00","16:40:00",,"",,,,,,,,"99",,,,,,,,,,,,,,"147"
"112186","[Js","ʌ[J͂΂ʎxwZ",,"[Js{c50",,"36.13191769","139.2809005",,,,,,,,,,,,,,,,"99",,,,,,,,,,,,,,"148"
"112186","[Js","i`ӂ@{xX",,"[Js{c339-1",,"36.12696","139.284412",,,,,,,,,,,,,,,,"99",,,,,,,,,,,,,,"149"
"112186","[Js","ʌ_ь",,"[Js{c5768-1",,"36.112332","139.28824",,,,,,,,,,,,,,,,"99",,,,,,,,,,,,,,"150"
"112186","[Js","i`ӂ@{",,"[Js{c339-3",,"36.126571","139.284362",,,,,,,,,,,,,,,,"99",,,,,,,,,,,,,,"151"
"112186","[Js","{TO[p[N","Ļݸذ߰","[Js{c5990","048-583-5611","36.110299","139.284288","{TO[p[N",,"9:00`17:00","`j","09:00:00","17:00:00","TΗj͋x","L","https://fukaya.geocloud.jp/webgis/Link/org/12-19/0/ATTACH/1724feed-2f74-467a-b3d1-8e3e63251daf.jpg","CC-BY","`dcݒuꏊTO[p[N璆ɌĎBʐ^",,,,,"99",,,,,,,,,,,,,,"152"
"112186","[Js","NjbN",,"[JsR1709",,"36.12746","139.2742625",,,,,,,,,,,,,,,,"99",,,,,,,,,,,,,,"153"
"112186","[Js","[Js{wZ","̶Լ¶ޯ","[Jsc530","048-583-2014","36.13686969","139.2783754","PKیL",,"8:15`16:45","`j","08:15:00","16:45:00",,"",,,,,,,,"99",,,,,,,,,,,,,,"154"
"112186","[Js","ijp[g[^T[rX{Ў",,"[Jsc2065",,"36.14511319","139.2641982",,,,,,,,,,,,,,,,"99",,,,,,,,,,,,,,"155"
"112186","[Js","i`ӂ@xX",,"[Jsc603-1",,"36.14049711","139.2776197",,,,,,,,,,,,,,,,"99",,,,,,,,,,,,,,"156"
"112186","[Js","[Js{x","̶ԼĿ޳","[Jsc197","048-583-2781","36.13910281","139.2816083","1K",,"8:30`17:15","`j","08:30:00","17:15:00","yEjAxANNn͕s","L","https://fukaya.geocloud.jp/webgis/Link/org/12-19/0/ATTACH/cf4a15b8-9856-4e1a-a9d8-53888254dec0.JPG","CC-BY","1KBe",,,,,"99",,,,,,,,,,,,,,"157"
"112186","[Js","J@",,"[Js1706-1",,"36.13695761","139.2216934",,,,,,,,,,,,,,,,"99",,,,,,,,,,,,,,"158"
"112186","[Js","fCT[rXZ^[ԉ",,"[Jsic1447-2",,"36.13518939","139.2573163",,,,,,,,,,,,,,,,"99",,,,,,,,,,,,,,"159"
"112186","[Js","[JsVlZ^[ԉ","̶Լ۳̸ſɿ","[Jsr866","048-584-6110","36.12389619","139.2405514","PK",,"8F30`17F15","lȊO̓","08:30:00","17:15:00","EEj̗ENNn͋x","","https://fukaya.geocloud.jp/webgis/Link/org/12-19/0/ATTACH/3f50d654-4cda-44d0-98fb-47df638dd75d.JPG","CC-BY","AEDݒuꏊPKBʐ^",,,,,"99",,,,,,,,,,,,,,"160"
"112186","[Js","ԉ@AȈ@",,"[JsOc2060-1",,"36.132984","139.231576",,,,,,,,,,,,,,,,"99",,,,,,,,,,,,,,"161"
"112186","[Js","[JsԉwZ","̶Լſɼޯ","[JsOc1463-1","048-584-0478","36.127937","139.229927","{ZɂPK@یL@",,"8:15`16:45","`j","08:15:00","16:45:00",,"",,,,,,,,"99",,,,,,,,,,,,,,"162"
"112186","[Js","[JsԉwZ","̶Լſޯ","[JsOc1980","048-584-0634","36.134805","139.227365","E@̘L",,"8:15`16:45","`j","08:15:00","16:45:00",,"",,,,,,,,"99",,,,,,,,,,,,,,"163"
"112186","[Js","[Jsԉ","̶Լſɺݶ","[JsOc2345-1","048-584-2184","36.133107","139.226188","PK",,"9:00`22:00","`yj","09:00:00","22:00:00","NNn͋x","L","https://fukaya.geocloud.jp/webgis/Link/org/12-19/0/ATTACH/06a637d4-eb86-4ea3-ae86-38e3856e0a92.JPG","CC-BY","`dcݒuꏊOBʐ^",,,,,"99",,,,,,,,,,,,,,"164"
"112186","[Js","[JsԉكAhjX","̶Լſݶݱƽ","[JsOc2966","048-584-6125","36.137322","139.230357","Lrlbg",,"9:00`21:30","1229`13S","09:00:00","21:30:00","Վxٓ肦܂B","L","https://fukaya.geocloud.jp/webgis/Link/org/12-19/0/ATTACH/8275e006-917e-4b33-ab88-ed2bbe6918e4.jpg","CC-BY","`dcݒuꏊAhjXBeʐ^",,,,,"99","http://city-fukayakousha.com/adonis/",,,,,,,,,,,,,"165"
"112186","[Js","i`ԉ@{X",,"[JsOc1169",,"36.12812","139.222619",,,,,,,,,,,,,,,,"99",,,,,,,,,,,,,,"166"
"112186","[Js","ԉx","ſɿ޳","[JsOc2345-1","048]584]1121","36.133107","139.226188","1K̓쑤̑",,"8:30`17:15","`j","08:30:00","17:15:00","yEEjENNn͋x","L","https://fukaya.geocloud.jp/webgis/Link/org/12-19/0/ATTACH/54b83c11-95ef-48e2-a366-80f3a476cb46.JPG","CC-BY","AEDݒuꏊPKBʐ^",,,,,"99",,,,,,,,,,,,,,"167"
"112186","[Js","ʌЉƒcԉ",,"[JsOc2691",,"36.137533","139.225482",,,,,,,,,,,,,,,,"99",,,,,,,,,,,,,,"168"
"112186","[Js","[Jsԉct","̶Լſֳ","[JsOc1503","048-584-1779","36.127068","139.229135","E̖iI̒",,"8:15`17:00","`j","08:15:00","17:00:00",,"L",,,,,,,,"99",,,,,,,,,,,,,,"169"
"112186","[Js","sÑw",,"[JsĒS2-11",,"36.180237","139.298905",,,,,,,,,,,,,,,,"99",,,,,,,,,,,,,,"170"
"112186","[Js","TCX|[cNu",,"[Js2132-1",,"36.193892","139.295935",,,,,,,,,,,,,,,,"99",,,,,,,,,,,,,,"171"
"112186","[Js","{[gsA",,"[JsB|86",,"36.222268","139.225461",,,,,,,,,,,,,,,,"99",,,,,,,,,,,,,,"172"
"112186","[Js","[JsЉc","̶Լ̸޶","[Js{Z12-8","048-573-6563","36.197066","139.285833","PKz[hAč",,"9F00`22F00","","09:00:00","22:00:00","1229`13͋x","L","https://fukaya.geocloud.jp/webgis/Link/org/12-19/0/ATTACH/f2c3b5c5-c587-4bb5-b314-39dadb32757f.jpg","CC-BY","`dcݒuꏊhAԂBʐ^",,,,,"99","http://www.fukaya-shakyo.com/%E3%83%9B%E3%83%BC%E3%83%A0/%E3%82%A2%E3%82%AF%E3%82%BB%E3%82%B9/",,,,,,,,,,,,,"173"
"112186","[Js","݈@",,"[Jsc340-1",,"36.132337","139.253831",,,,,,,,,,,,,,,,"99",,,,,,,,,,,,,,"174"
"112186","[Js","˂Ƃa@",,"[Jsl1975",,"36.162236","139.264527",,,,,,,,,,,,,,,,"99",,,,,,,,,,,,,,"175"
"112186","[Js","镔NjbN",,"[JsV926",,"36.2169678","139.3123909",,,,,,,,,,,,,,,,"99",,,,,,,,,,,,,,"176"
"112186","[Js","܃NjbN",,"[JsĐU19-10",,"36.178565","139.2899027",,,,,,,,,,,,,,,,"99",,,,,,,,,,,,,,"177"
"112186","[Js","ăNjbN",,"[Js2321-2",,"36.180662","139.2824698",,,,,,,,,,,,,,,,"99",,,,,,,,,,,,,,"178"
"112186","[Js","k[Ja@",,"[Js]350",,"36.22415286","139.3265478",,,,,,,,,,,,,,,,"99",,,,,,,,,,,,,,"179"
"112186","[Js","␮`OȈ@",,"[Jsc2643-8",,"36.15383989","139.2803241",,,,,,,,,,,,,,,,"99",,,,,,,,,,,,,,"180"
"112186","[Js","NjbN",,"[Jsώ347-1",,"36.19205569","139.2972433",,,,,,,,,,,,,,,,"99",,,,,,,,,,,,,,"181"
"112186","[Js","ʉԃNjbN",,"[JsOc2533-1",,"36.13331919","139.2198549",,,,,,,,,,,,,,,,"99",,,,,,,,,,,,,,"182"
"112186","[Js","ēȈ@",,"[Js176",,"36.202282","139.2778528",,,,,,,,,,,,,,,,"99",,,,,,,,,,,,,,"183"
"112186","[Js","㕐ȃNjbN",,"[Js{cJ210-2",,"36.2096882","139.3315676",,,,,,,,,,,,,,,,"99",,,,,,,,,,,,,,"184"
"112186","[Js","{@",,"[JsOc2799-1",,"36.13631631","139.2299235",,,,,,,,,,,,,,,,"99",,,,,,,,,,,,,,"185"
"112186","[Js","c@",,"[Js4-14",,"36.195916","139.291935",,,,,,,,,,,,,,,,"99",,,,,,,,,,,,,,"186"
"112186","[Js","@",,"[Js{78",,"36.181472","139.219263",,,,,,,,,,,,,,,,"99",,,,,,,,,,,,,,"187"
"112186","[Js","@",,"[Js2778-1",,"36.181512","139.276928",,,,,,,,,,,,,,,,"99",,,,,,,,,,,,,,"188"
"112186","[Js","v[iNjbN",,"[Js144-2",,"36.18052","139.269346",,,,,,,,,,,,,,,,"99",,,,,,,,,,,,,,"189"
"112186","[Js","v@",,"[Js1243",,"36.202809","139.250835",,,,,,,,,,,,,,,,"99",,,,,,,,,,,,,,"190"
"112186","[Js","݂͂NjbN",,"[Jsc2113",,"36.149443","139.275733",,,,,,,,,,,,,,,,"99",,,,,,,,,,,,,,"191"
"112186","[Js","@A",,"[JsĒS13-6",,"36.182212","139.30177",,,,,,,,,,,,,,,,"99",,,,,,,,,,,,,,"192"
"112186","[Js","y哰a@",,"[Js2100",,"36.194062","139.310823",,,,,,,,,,,,,,,,"99",,,,,,,,,,,,,,"193"
"112186","[Js","qNjbN",,"[Js7-5",,"36.19593","139.282914",,,,,,,,,,,,,,,,"99",,,,,,,,,,,,,,"194"
"112186","[Js","ʃKX",,"[Jsɐ395-1",,"36.19695043","139.2567405",,,,,,,,,,,,,,,,"99",,,,,,,,,,,,,,"196"
"112186","[Js","[JwsT[rXZ^[","̶Դݻ޽","[JsR1-8","048-574-6333","36.19139","139.2809","sT[rXZ^[Lrlbgɐݒu",,"9:00`17:00{ݗp҂ꍇ͍Œ20:00܂ŗp{ݓ񎞂ђx12:00`13:00͐Eŝ݂ߗps","`j","09:00:00","17:00:00","NNni122913j͎{݋xƂ̂ߗps","L","https://fukaya.geocloud.jp/webgis/Link/org/12-19/0/ATTACH/23259ad1-d0e1-4d1e-9554-2432e5c56321.JPG","CC-BY","AEDݒuꏊ[JwsT[rXZ^[oBe",,,,,"99",,,,,,,,,,,,,,"197"
"112186","[Js","a@ủƁv","޻òuŶv","[Js247|1","048-587-1100","36.23384","139.25562","剮yԐʉ̏[ɐݒu",,"9:00`17:00","12/29`1/3","09:00:00","17:00:00","ÂJĂ邽߁AJ䕗ɂAw҂Ɋ댯yԂƔfꂽۂɂ͗ՎxقꍇBA̓dbԍ͏ahLOقLځB","L","https://fukaya.geocloud.jp/webgis/Link/org/12-19/0/ATTACH/11f38cf2-fe3c-4403-a0e7-d6271b5d7f30.JPG","CC-BY","剮yԐʉ̏i肮jBe",,,,,"99",,,,,,,,,,,,,,"198"
"112186","[Js","ăR~jeBZ^[","м޺Эè","4284|1","048-575-1679","36.17762","139.31641","ړIz[",,"9:00`22:00","","09:00:00","22:00:00","NNn͋x","L","https://fukaya.geocloud.jp/webgis/Link/org/12-19/0/ATTACH/b043716d-905c-423e-af90-39020ee4c546.JPG","CC-BY","ٓɓĉEBeʐ^",,,,,"99",,,,,,,,,,,,,,"199"
"112186","[Js","񂩂","ݶ","14|9","048-573-5770","36.19572","139.26652","",,"9:00`22:00","","09:00:00","22:00:00","NNn͋x","L","https://fukaya.geocloud.jp/webgis/Link/org/12-19/0/ATTACH/d114e109-35d8-49cc-ac7f-4a11d1078ec1.JPG","CC-BY","ٓɓĎBeʐ^",,,,,"99",,,,,,,,,,,,,,"200"
"112186","[Js","[Js{}","̶Լ¶ļ","[Js1146-1","048-583-6250","36.1367","139.28516","JE^[",,"10:00`19:00","΁`j","10:00:00","19:00:00","jx","L","https://fukaya.geocloud.jp/webgis/Link/org/12-19/0/ATTACH/2f1b6b0f-b3ac-492b-a42d-5777ac84e0bc.JPG","CC-BY","ٓɓăJE^[Beʐ^",,,,,"99",,,,,,,,,,,,,,"201"
"112186","[Js","[Jsԉǂ𗬐}كANX","̶ԼſɺӼޮγحļݱ۽","[JsOc1463-2","048-579-1333","36.12858","139.2314","JE^[",,"10:00`19:00","΁`j","10:00:00","19:00:00","jx","L","https://fukaya.geocloud.jp/webgis/Link/org/12-19/0/ATTACH/216b54e8-cc77-46a0-809b-0907070f063e.JPG","CC-BY","ٓɓăJE^[Beʐ^",,,,,"99",,,,,,,,,,,,,,"202"
"112186","[Js","[JsԐA،ݒns","̶Լųγۼز","[Js22","048-572-1226","36.1568","139.23504","K",,"8:30`17:00","NNnȊO","08:30:00","17:00:00","1230`13܂ŋx","L","https://fukaya.geocloud.jp/webgis/Link/org/12-19/0/ATTACH/64f3857d-f98c-433e-a7b0-ce17230710f3.JPG","CC-BY","BeB",,,,,"99",,,,,,,,,,,,,,"203"
"112186","[Js","{_Ǝ҃g[jOZ^[","ɳޮڰݸ޾","[JsR1577","048-583-4781","36.12978","139.27829","KO",,"9:00`22:00","NNnȊO","09:00:00","22:00:00","1229`13܂ŋx","L","https://fukaya.geocloud.jp/webgis/Link/org/12-19/0/ATTACH/8d41d0b9-58f6-4258-8f25-a1f72ad2bc95.JPG","CC-BY","{gZւBe",,,,,"99",,,,,,,,,,,,,,"204"
"112186","[Js","ԉ_Ǝ҃g[jOZ^[","ſɳޮڰݸ޾","[JsOc2299","048-584-3910","36.1366","139.22774","K",,"9:00`22:00","NNnȊO","09:00:00","22:00:00","1229`13܂ŋx","L","https://fukaya.geocloud.jp/webgis/Link/org/12-19/0/ATTACH/3e9c39a9-a498-4a22-a53e-2ed7c486bb34.JPG","CC-BY","ԉgZւBe",,,,,"99",,,,,,,,,,,,,,"205"
"112186","[Js","򐅏@","޼ޮޮ@޳","[Js1086","048-577-7527","36.19911","139.25021","PKgCO",,"8F30`17F15","`j","08:30:00","17:15:00","yEEjENNn͋x","","https://fukaya.geocloud.jp/webgis/Link/org/12-19/0/ATTACH/bb8e0c49-bb66-4a42-9de3-3b8044942915.JPG","CC-BY","򐅏̐ɓ`dcݒuĂ1KgCOBʐ^",,,,,"99",,,,,,,,,,,,,,"206"
"112186","[Js","匳RVniςhj","ݹϺճi߸ށj","[Js2567","048-572-3000","36.1759","139.27401","",,"9:00`17:007E89:00`18:0011`29:00`16:00","xȊO","09:00:00","17:00:00","x͖QؗjAPP`QA̓dbԍ͐[Js̈ٓLځB","L","https://fukaya.geocloud.jp/webgis/Link/org/12-19/0/ATTACH/8ecc5630-1ecb-4b11-9a7f-f476998730c7.JPG","CC-BY","AEDݒuꏊijςh1KǗBʐ^",,,,,"99","http://city-fukayakousha.com/bigturtle/",,,,,,,,,,,,,"207"
"112186","[Js","[Jsx","̶Լ޿޳","[Js2381Ԓn","048]585]2211","36.20431","139.23483","1Kz[k̕Ǎ(ʌւ荶Ǎہj",,"8F30`17F15","`j","08:30:00","17:15:00","1229`13AyEEj͕","L","https://fukaya.geocloud.jp/webgis/Link/org/12-19/0/ATTACH/b579f55a-413e-4922-bf4e-532f880911d7.JPG","CC-BY","PKAEDݒuz[t߂Be",,,,,"99",,,,,,,,,,,,,,"208"
"112186","[Js","͂ӂꂠ","ڱ","[Js1710-1","048-575-0677","36.19434","139.31157","PK",,"8F30`22F00","NNnȊO","08:30:00","22:00:00","NNni1229`PRj͋x","L","https://fukaya.geocloud.jp/webgis/Link/org/12-19/0/ATTACH/67e4c087-8010-4d6a-9413-0419f2f7ca09.JPG","CC-BY","AEDݒuꏊPKBʐ^",,,,,"99",,,,,,,,,,,,,,"209"
"112186","[Js","[Js̈","̶Լ","[Js{Z17-1","048-572-9581","36.20045","139.28637","o@ǂɃ{bNXݒu",,"9:00`22:00","`yj","09:00:00","22:00:00","NNn͋x٘A̓dbԍ͐UX|[cUۂLځB","L","https://fukaya.geocloud.jp/webgis/Link/org/12-19/0/ATTACH/eff076f7-5261-4934-81a7-f5aba3c73b84.JPG","CC-BY","`dcݒuꏊsُ̈oBʐ^",,,,,"99",,,,,,,,,,,,,,"210"
"112186","[Js","̉w͂Ȃ́iԉn敨YكAGbgj","ɴſɁiſޯݶݱٴāj","[JsOc458-1","048-584-5225","36.12183","139.2273","AGbg",,"9:00`19:00","ʔNŗp","09:00:00","19:00:00","1229`31͋x","L","https://fukaya.geocloud.jp/webgis/Link/org/12-19/0/ATTACH/8871f522-fcd7-4a5b-816e-e91d4a9d6da7.JPG","CC-BY","`dcݒuꏊBʐ^",,,,,"99",,,,,,,,,,,,,,"211"
"112186","[Js","[Jsh{@[Jh@򕪏","̶Լ޳ ̶Լ޳ ̼޻ݼ","[Jsl986","048-572-5752","36.16711","139.27059","",,"0:00`24:00","펞gp\","00:00:00","00:00:00","펞gp\@Aoꒆ","L","https://fukaya.geocloud.jp/webgis/Link/org/12-19/0/ATTACH/d1fcfc58-2332-46de-8b37-57684656fe94.jpg","CC-BY","AED𒆐SɎBe摜",,,,,"99",,,,,,,,,,,,,,"212"
"112186","[Js","[Jsh{@[Jh@L","̶Լ޳ ̶Լ޳ ֻݼ","[Jsv176Ԓn1","048-587-3291","36.23029","139.26769","t",,"0:00`24:00","펞gp\","00:00:00","00:00:00","펞gp\@Aoꒆ","L","https://fukaya.geocloud.jp/webgis/Link/org/12-19/0/ATTACH/b70d1253-dd33-448d-aab8-586bc519e4d0.jpg","CC-BY","PKtBe",,,,,"99",,,,,,,,,,,,,,"213"
"112186","[Js","[Jsh{@[Jh@","̶Լ޳ ̶Լ޳ ݼ","[Js2394-1","048-585-3950","36.20401","139.23413","PK",,"0:00`24:00","펞gp\","00:00:00","00:00:00","펞gp\@Aoꒆ","L","https://fukaya.geocloud.jp/webgis/Link/org/12-19/0/ATTACH/8997b312-8ddf-4a9b-baae-4448fa89f9f3.JPG","CC-BY","AEDݒuꏊtBʐ^",,,,,"99",,,,,,,,,,,,,,"214"
"112186","[Js","[Jsh{@[Jh@ĕ","̶Լ޳ ̶Լ޳ мݼ","[JsĒ31Ԓn20","048-574-3311","36.17947","139.3066","ւ萳ʂ̎t̒I",,"0:00`24:00","펞gp\","00:00:00","00:00:00","펞gp\@Aoꒆ","L","https://fukaya.geocloud.jp/webgis/Link/org/12-19/0/ATTACH/66ff077b-b95c-4620-90a6-7e321fc52f4a.JPG","CC-BY","AED̐ݒuꏊւBe",,,,,"99",,,,,,,,,,,,,,"215"
"112186","[Js","[Jsh{@ԉh@","̶Լ޳ ſɼ޳","[JsOc537","048-584-0119","36.12062","139.22862","1K 쓌",,"0:00`24:00","펞gp\","00:00:00","00:00:00",,"L","https://fukaya.geocloud.jp/webgis/Link/org/12-20/0/ATTACH/ad281bc1-3d2b-4c24-b1c1-3e1053569cc9.JPG","CC-BY","AEDݒuꏊBʐ^",,,,,"99",,,,,,,,,,,,,,"216"
"112186","[Js","[Jsh{@ԉh@{","̶Լ޳ ſɼ޳ ݼ","[Jsc873-9","048-583-2795","36.13949","139.2735","PKtAwߒ[j^[",,"0:00`24:00","펞gp\","00:00:00","00:00:00","펞gp\@Aoꒆ","L","https://fukaya.geocloud.jp/webgis/Link/org/12-20/0/ATTACH/c6a09cd9-aa07-4f9f-a380-87c1f71b8ac7.JPG","CC-BY","AEDݒuꏊtBʐ^",,,,,"99",,,,,,,,,,,,,,"217"
"112186","[Js","[Jsh{@ԉh@񋏕","̶Լ޳ ſɼ޳ زݼ","񋏒厚983","048-581-0119","36.114794","139.194229","1KtA쑤̑",,"0:00`24:00","펞gp\","00:00:00","00:00:00","펞gp\@Aoꒆ","L","https://fukaya.geocloud.jp/webgis/Link/org/12-20/0/ATTACH/6b9fe660-0a55-46ac-92d3-0e8c19fbe264.JPG","CC-BY","`dcݒuꏊ񋏕PKt̓Bʐ^",,,,,"99",,,,,,,,,,,,,,"218"
"112186","[Js","˕ۈ牀","β","[Js@260","048-573-2716","36.21601","139.31684","čixbhtiIj",,"7:30`18:30","`yj","07:30:00","18:30:00","EjENNn͋x","L","https://fukaya.geocloud.jp/webgis/Link/org/12-20/0/ATTACH/ec5d2680-02df-4469-8d08-c29dcd1d7a21.JPG","CC-BY","`dcݒuꏊAL̏o܂߂ĎBʐ^",,,,,"99",,,,,,,,,,,,,,"219"
"112186","[Js","{ۈ牀","β","[Js980","048-583-2202","36.13806","139.28515","̖i",,"7:30`18:30","`yj","07:30:00","18:30:00","EjENNn͋x","L","https://fukaya.geocloud.jp/webgis/Link/org/12-20/0/ATTACH/1f1969ef-5c14-47fb-b6df-2311f05adf74.JPG","CC-BY","`dcݒuꏊ͎̒I̒ɂ܂B",,,,,"99",,,,,,,,,,,,,,"221"
"112186","[Js","{ۈ牀","β","[Js{c4888","048-583-3196","36.12081","139.28449","E",,"7:30`18:30","`j","07:30:00","18:30:00","yEEjENNn͋x","L","https://fukaya.geocloud.jp/webgis/Link/org/12-20/0/ATTACH/ec50ef10-a3c0-4717-98d4-51f4ba244bb1.JPG","CC-BY","`dcݒuꏊ͎̒Ȉɂ܂B",,,,,"99",,,,,,,,,,,,,,"222"
"112186","[Js","[Jwۈ玺","޲̶Զ޸޳β","[Js19-1","048-572-0504","36.19982","139.28276","čɐݒuĂ郉bN̏",,"ijی`18:00iyAwZxƓj8:00`18:00","`yj",,"18:00:00","AjANNn͋xƂ̑iyAwZxƓjŗp\Ԃ͈قȂ܂B","","https://fukaya.geocloud.jp/webgis/Link/org/12-20/0/ATTACH/fc28351f-15e5-41a5-a1de-dd94cbee2073.JPG","CC-BY","`dcݒuꏊۈ玺玖ɌĎBʐ^",,,,,"99",,,,,,,,,,,,,,"223"
"112186","[Js","[Jwۈ玺","޲̶Զ޸޳β","[Js19-1","048-573-8011","36.20012","139.28357","ۈ玺ɐݒuĂI̍ŏi",,"ijی`18:00iyAwZxƓj8:00`18:00","`yj",,"18:00:00","AjANNn͋xƂ̑iyAwZxƓjŗp\Ԃ͈قȂ܂B","","https://fukaya.geocloud.jp/webgis/Link/org/12-20/0/ATTACH/b0e4595a-7846-4707-91c6-a4c1c8a20ddd.JPG","CC-BY","`dcݒuꏊۈ玺t߂琼ɌĎBʐ^",,,,,"99",,,,,,,,,,,,,,"224"
"112186","[Js","Puwۈ玺","޲׶޵޸޳β","[Js508","048-573-4692","36.1859","139.27884","čɐݒuĂI̒i",,"ijی`18:00iyAwZxƓj8:00`18:00","`yj",,"18:00:00","AjANNn͋xƂ̑iyAwZxƓjŗp\Ԃ͈قȂ܂B","","https://fukaya.geocloud.jp/webgis/Link/org/12-20/0/ATTACH/09f33c50-ff85-4810-be0b-8cb09981f39d.JPG","CC-BY","`dcݒuꏊot߂琼ɌĎBʐ^",,,,,"99",,,,,,,,,,,,,,"225"
"112186","[Js","Puwۈ玺","޲ƻ׶޵޸޳β","[Js508","048-575-0339","36.18609","139.28071","čɐݒuĂȈi",,"ijی`18:00iyAwZxƓj8:00`18:00","`yj",,"18:00:00","AjANNn͋xƂ̑iyAwZxƓjŗp\Ԃ͈قȂ܂B","","https://fukaya.geocloud.jp/webgis/Link/org/12-20/0/ATTACH/56dec12a-2704-490b-b899-173f7f8b46a3.JPG","CC-BY","`dcݒuꏊۈ玺ɌĎBʐ^",,,,,"99",,,,,,,,,,,,,,"226"
"112186","[Js","ꔦwۈ玺","޲׶޸޳β","[JsR25-1","048-573-4964","36.18699","139.3178","očɐݒuĂỈi",,"ijی`18:00iyAwZxƓj8:00`18:00","`yj",,"18:00:00","AjANNn͋xƂ̑iyAwZxƓjŗp\Ԃ͈قȂ܂B","","https://fukaya.geocloud.jp/webgis/Link/org/12-20/0/ATTACH/04917087-54bd-4dc2-9613-3018aa4253a0.JPG","CC-BY","`dcݒuꏊۈ玺oɌĎBʐ^",,,,,"99",,,,,,,,,,,,,,"227"
"112186","[Js","Պwۈ玺","޲ķܶ޸޳β","[JsՒ58-2","048-574-4809","36.19459","139.29999","ɐݒuĂdb@̗",,"ijی`18:00iyAwZxƓj8:00`18:00","`yj",,"18:00:00","AjANNn͋xƂ̑iyAwZxƓjŗp\Ԃ͈قȂ܂B","","https://fukaya.geocloud.jp/webgis/Link/org/12-20/0/ATTACH/ef63d95e-9420-4a18-91bb-257cf0947274.JPG","CC-BY","`dcݒuꏊot߂琼ɌĎBʐ^",,,,,"99",,,,,,,,,,,,,,"228"
"112186","[Js","ˊwۈ玺","Ķ޸޳β","[Js@413","048-571-8806","36.21913","139.32088","ۈ玺ɐݒuĂpI̍ŏi",,"ijی`18:00iyAwZxƓj8:00`18:00","`yj",,"18:00:00","AjANNn͋xƂ̑iyAwZxƓjŗp\Ԃ͈قȂ܂B","","https://fukaya.geocloud.jp/webgis/Link/org/12-20/0/ATTACH/d3b077bc-9c4f-4bba-8b65-79500391d1d0.JPG","CC-BY","`dcݒuꏊۈ玺t߂kɌĎBʐ^",,,,,"99",,,,,,,,,,,,,,"229"
"112186","[Js","wۈ玺","ض޸޳β","[JsP660-4","048-574-6902","36.21701","139.27301","očɐݒuĂ郍bJ[̏",,"ijی`18:00iyAwZxƓj8:00`18:00","`yj",,"18:00:00","AjANNn͋xƂ̑iyAwZxƓjŗp\Ԃ͈قȂ܂B","","https://fukaya.geocloud.jp/webgis/Link/org/12-20/0/ATTACH/07586174-db9e-4715-bfcc-9208669131b3.JPG","CC-BY","`dcݒuꏊot߂kɌĎBʐ^",,,,,"99",,,,,,,,,,,,,,"230"
"112186","[Js","wۈ玺","Ķ޸޳β","[Jsv1300","048-587-3684","36.23388","139.26218","oĉEɐݒuĂ郍bJ[̍ŏi",,"ijی`18:00iyAwZxƓj8:00`18:00","`yj",,"18:00:00","AjANNn͋xƂ̑iyAwZxƓjŗp\Ԃ͈قȂ܂B","","https://fukaya.geocloud.jp/webgis/Link/org/12-20/0/ATTACH/7414deb5-c451-4d70-b355-4d6a82351184.JPG","CC-BY","`dcݒuꏊۈ玺oɌĎBʐ^",,,,,"99",,,,,,,,,,,,,,"231"
"112186","[Js","Lwۈ玺","ֻĶ޸޳β","[JsV643-2","048-587-1533","36.23373","139.28541","Xy[XɐݒuĂv^̗",,"ijی`18:00iyAwZxƓj8:00`18:00","`yj",,"18:00:00","AjANNn͋xƂ̑iyAwZxƓjŗp\Ԃ͈قȂ܂B","","https://fukaya.geocloud.jp/webgis/Link/org/12-20/0/ATTACH/d56d7363-ee30-4b5d-bcdc-d1ef5720e440.JPG","CC-BY","`dcݒuꏊۈ玺玖Xy[XɌĎBʐ^",,,,,"99",,,,,,,,,,,,,,"232"
"112186","[Js","Đwۈ玺","мƼ޸޳β","[JsĒT11-1","048-575-3751","36.18162","139.29358","čɐݒuĂȈ",,"ijی`18:00iyAwZxƓj8:00`18:00","`yj",,"18:00:00","AjANNn͋xƂ̑iyAwZxƓjŗp\Ԃ͈قȂ܂B","","https://fukaya.geocloud.jp/webgis/Link/org/12-20/0/ATTACH/bd94f462-75ab-4c80-abd4-bb665a950dcb.JPG","CC-BY","`dcݒuꏊ琼ɌĎBʐ^",,,,,"99",,,,,,,,,,,,,,"233"
"112186","[Js","ꉪwۈ玺","޲޶޸޳β","[Jsώ1340-1","048-585-3913","36.20727","139.24688","oĉEɐݒuĂsAm̏",,"ijی`18:00iyAwZxƓj8:00`18:00","`yj",,"18:00:00","AjANNn͋xƂ̑iyAwZxƓjŗp\Ԃ͈قȂ܂B","","https://fukaya.geocloud.jp/webgis/Link/org/12-20/0/ATTACH/81b38271-5f58-4d97-81ff-7c4bfe542db5.jpg","CC-BY","`dcݒuꏊۈ玺oɌĎBʐ^",,,,,"99",,,,,,,,,,,,,,"234"
"112186","[Js","Ywۈ玺","ݻܶ޸޳β","[JsY802-1","048-585-3600","36.21249","139.21399","oĉE̎Xy[XɐݒuĂȈ",,"ijی`18:00iyAwZxƓj8:00`18:00","`yj",,"18:00:00","AjANNn͋xƂ̑iyAwZxƓjŗp\Ԃ͈قȂ܂B","","https://fukaya.geocloud.jp/webgis/Link/org/12-20/0/ATTACH/63d854a5-39fd-43b5-9daf-67fa88e00e04.JPG","CC-BY","`dcݒuꏊۈ玺玖Xy[XɌĎBʐ^",,,,,"99",,,,,,,,,,,,,,"235"
"112186","[Js","{wۈ玺","ݺ޳޸޳β","[JsjJ506","048-585-3064","36.17471","139.22522","ɐݒuĂC̏",,"ijی`18:00iyAwZxƓj8:00`18:00","`yj",,"18:00:00","AjANNn͋xƂ̑iyAwZxƓjŗp\Ԃ͈قȂ܂B","","https://fukaya.geocloud.jp/webgis/Link/org/12-20/0/ATTACH/af0a8c87-7da2-464a-bda0-b153832cfb27.JPG","CC-BY","`dcݒuꏊۈ玺畗ɌĎBʐ^",,,,,"99",,,,,,,,,,,,,,"236"
"112186","[Js","ꉪwۈ玺","޲Ƽ޸޳β","[Js2016-1","048-585-5331","36.21289","139.23321","očɐݒuĂ郍bJ[ŏi",,"ijی`18:00iyAwZxƓj8:00`18:00","`yj",,"18:00:00","AjANNn͋xƂ̑iyAwZxƓjŗp\Ԃ͈قȂ܂B","","https://fukaya.geocloud.jp/webgis/Link/org/12-20/0/ATTACH/33e53390-2ad3-4436-8107-2b709e54838e.JPG","CC-BY","`dcݒuꏊot߂ۈ玺ɌĎBʐ^",,,,,"99",,,,,,,,,,,,,,"237"
"112186","[Js","{kwۈ玺","ķ޸޳β","[Js147","048-583-2076","36.144","139.28721","ĉEɐݒuĂI̒i",,"ijی`18:00iyAwZxƓj8:00`18:00","`yj",,"18:00:00","AjANNn͋xƂ̑iyAwZxƓjŗp\Ԃ͈قȂ܂B","","https://fukaya.geocloud.jp/webgis/Link/org/12-20/0/ATTACH/2430fbb7-d974-48a4-94dc-b14f74736436.JPG","CC-BY","`dcݒuꏊ瓌ɌĎBʐ^",,,,,"99",,,,,,,,,,,,,,"238"
"112186","[Js","ӂΕۈ牀","β","[Jsk391","048-584-6652","36.141","139.249",,,"ij7:30`19:00iyj7:30`12:30","`yj","07:30:00","19:00:00",,"L",,,,,,,,"99",,,,,,,,,,,,,,"239"
"112186","[Js","{wۈ玺","ж޸޳β","[Js{c4888","048-583-7790","36.121","139.285","ۈ玺ɐݒuĂ鉺ʔ̏i",,"ijی`18:00iyAwZxƓj8:00`18:00","`yj",,"18:00:00","AjANNn͋xƂ̑iyAwZxƓjŗp\Ԃ͈قȂ܂B","",,,"`dcݒuꏊۈ玺瓌ɌĎBʐ^",,,,,,,,,,,,,,,,,,,"240"
"112186","[Js","ēwۈ玺","м˶޼޸޳β","[JsĒ5-9-1","048-571-7772","36.178","139.302","ۈ玺̃eX̏oɐݒuĂ郍bJ[̏i",,"ijی`18:00iyAwZxƓj8:00`18:00","`yj",,"18:00:00","AjANNn͋xƂ̑iyAwZxƓjŗp\Ԃ͈قȂ܂B","",,,"`dcݒuꏊۈ玺eX֌ĎBʐ^",,,,,,,,,,,,,,,,,,,"241"
"112186","[Js","[Jwۈ玺","̶Ƽ޸޳β","[Jsh14-19","048-571-1770","36.197","139.273","ۈ玺ɐݒuĂ郍bJ[̏i",,"ijی`18:00iyAwZxƓj8:00`18:00","`yj",,"18:00:00","AjANNn͋xƂ̑iyAwZxƓjŗp\Ԃ͈قȂ܂B","",,,"`dcݒuꏊۈ玺瓌ɌĎBʐ^",,,,,,,,,,,,,,,,,,,"242"
"112186","[Js","[Js","̶Լݶ","[Js{Z17-1","048-573-8765","36.199","139.287","Lrlbg",,"9:00`21:30","1229`13S","09:00:00","21:30:00","Վxٓ肦܂B","L",,,"`dcݒuꏊ𕶉َBeʐ^",,,,,,"http://city-fukayakousha.com/bunka/",,,,,,,,,,,,,"243"
"112186","[Js","[J񋏈txfÏǂԐfÏ","̶ز¼خޮԶݼخޮ","[Jsώ319-3","048-573-7724","36.19042","139.29504",,,,,,,,,,,,,,,,,,,,,,,,,,,,,,"244"
"112186","[Js","̉w@","ɴ ","[Js݉1279-2","048-583-3369","36.15147","139.28918","Yَ",,"9:00`17:00","`yj","09:00:00","17:00:00","NNn͋x","L",,,,,,,,,,,,,,,,,,,,,,"245"
"112186","[Js","S@ˉw","޳ Ĵ","[JsR578-3","048-583-6265","36.14296","139.30372",,,,,,,,,,,,,,,,,,,,,,,,,,,,,,"246"
"112186","[Js","S@w","޳ ܴ","[Jsc100-4","048-583-2788","36.14206","139.28256",,,,,,,,,,,,,,,,,,,,,,,,,,,,,,"247"
"112186","[Js","S@icw","޳Ŷ","[Jsic155-4","048-584-2330","36.13507","139.25911",,,,,,,,,,,,,,,,,,,,,,,,,,,,,,"248"
"112186","[Js","S@Ocw","޳ ϴ޴","[JsOc1680-1","048-584-1216","36.12877","139.2224",,,,,,,,,,,,,,,,,,,,,,,,,,,,,,"249"
"112186","[Js","Lۈ牀","ֻβ","[JsV640-3","048-587-3786","36.23419","139.28561",,,,,,,,,,,,,,,,,,,,,,,,,,,,,,"250"
